goal_id,customer_id,goal_name,target_amount,current_amount,deadline,priority,category
G101,C001,Laptop for Coding & Studies,60000,15000,2027-04-30,HIGH,Education
G102,C001,Emergency Buffer Fund,25000,4200,2026-12-31,MEDIUM,Emergency Fund
G201,C002,6-Month Emergency Fund,150000,112000,2026-11-30,HIGH,Emergency Fund
G202,C002,Annual Vacation to Cox's Bazar,35000,28000,2026-12-15,LOW,Travel
G301,C003,Mirrorless Camera,85000,12000,2027-02-28,MEDIUM,Shopping
G401,C004,Professional Banking Certification,45000,32000,2026-11-15,HIGH,Education
G402,C004,Family Health Security Pool,100000,68000,2027-06-30,HIGH,Healthcare
G501,C005,Freelancer Lean-Month Reserve,80000,28000,2027-01-31,HIGH,Emergency Fund
G601,C006,Medical Contingency Fund,40000,8500,2027-03-31,HIGH,Healthcare
G701,C007,POS Terminal Digital Upgrade,30000,18000,2026-12-31,MEDIUM,Business
