income_id,customer_id,date,amount,income_type
INC101,C001,2026-07-01,30000,salary
INC102,C001,2026-08-01,30000,salary
INC103,C001,2026-09-01,30000,salary
INC201,C002,2026-07-01,48000,salary
INC202,C002,2026-08-01,48000,salary
INC203,C002,2026-09-01,48000,salary
INC301,C003,2026-07-01,38000,salary
INC302,C003,2026-08-01,38000,salary
INC303,C003,2026-09-01,38000,salary
INC401,C004,2026-07-01,52000,salary
INC402,C004,2026-08-01,52000,salary
INC403,C004,2026-09-01,52000,salary
INC501,C005,2026-07-08,18000,freelance
INC502,C005,2026-07-24,26000,freelance
INC503,C005,2026-08-12,15000,freelance
INC504,C005,2026-08-29,31000,freelance
INC505,C005,2026-09-18,22000,freelance
INC601,C006,2026-07-01,36000,salary
INC602,C006,2026-08-01,36000,salary
INC603,C006,2026-09-01,36000,salary
INC701,C007,2026-07-02,50000,business
INC702,C007,2026-08-02,49000,business
INC703,C007,2026-09-02,51000,business
