transaction_id,customer_id,timestamp,transaction_type,category,amount,merchant_id,channel,balance_after
TX1001,C001,2026-10-01T21:15:00Z,cash_out,Cash-out,1500,M110,agent,8200
TX1002,C001,2026-10-01T14:30:00Z,payment,Food,680,M101,qr,9700
TX1003,C001,2026-09-30T19:40:00Z,payment,Food,850,M102,app,10380
TX1004,C001,2026-09-29T16:10:00Z,cash_out,Cash-out,2000,M110,agent,11230
TX1005,C001,2026-09-28T12:00:00Z,recharge,Recharge,300,M104,app,13230
TX1006,C001,2026-09-27T20:25:00Z,payment,Food,920,M103,qr,13530
TX1007,C001,2026-09-26T18:15:00Z,payment,Shopping,1450,M105,qr,14450
TX1008,C001,2026-09-25T11:45:00Z,cash_out,Cash-out,1500,M110,agent,15900
TX1009,C001,2026-09-24T17:30:00Z,payment,Food,750,M101,app,17400
TX1010,C001,2026-09-23T09:15:00Z,payment,Transport,280,M101,app,18150
TX1011,C001,2026-09-21T19:00:00Z,payment,Food,1100,M101,qr,18430
TX1012,C001,2026-09-20T15:20:00Z,cash_out,Cash-out,1500,M110,agent,19530
TX1013,C001,2026-09-17T13:40:00Z,payment,Food,900,M102,qr,21030
TX1014,C001,2026-09-14T10:00:00Z,transfer,Other,1000,M110,app,21930
TX1015,C001,2026-09-10T11:20:00Z,payment,Transport,450,M101,app,22930
TX1016,C001,2026-09-05T14:00:00Z,bill_payment,Bills,1800,M104,app,23380
TX1017,C001,2026-09-02T16:00:00Z,transfer,Other,4820,M110,app,25180
TX1018,C001,2026-09-01T09:00:00Z,income,Other,30000,M104,app,30000
TX2001,C002,2026-10-01T18:00:00Z,payment,Food,420,M106,qr,26800
TX2002,C002,2026-09-29T13:00:00Z,payment,Transport,350,M101,app,27220
TX2003,C002,2026-09-25T11:00:00Z,transfer,Other,12000,M104,app,27570
TX2004,C002,2026-09-18T19:30:00Z,payment,Bills,1200,M104,app,39570
TX2005,C002,2026-09-10T16:00:00Z,payment,Healthcare,1400,M109,qr,40770
TX2006,C002,2026-09-01T09:00:00Z,income,Other,48000,M104,app,48000
TX3001,C003,2026-10-01T20:10:00Z,payment,Shopping,4200,M108,qr,4100
TX3002,C003,2026-09-30T22:30:00Z,payment,Entertainment,1950,M107,app,8300
TX3003,C003,2026-09-28T18:00:00Z,payment,Shopping,6800,M105,app,10250
TX3004,C003,2026-09-24T19:30:00Z,payment,Food,2800,M102,qr,17050
TX3005,C003,2026-09-15T15:00:00Z,cash_out,Cash-out,5000,M110,agent,19850
TX3006,C003,2026-09-01T09:00:00Z,income,Other,38000,M104,app,38000
